{
  "id": "minimal-card-style",
  "name": "Minimal Card",
  "description": "Clean card style without animations",
  "version": "1.1.0",
  "thumbnail": "https://via.placeholder.com/300x200/1f2937/ffffff?text=Minimal+Card",

  "grid": {
    "columns": 4,
    "gap": 24,
    "minWidth": 280,
    "maxWidth": 1440
  },

  "cardStyle": {
    "bg": "#ffffff",
    "text": "#1f2937",
    "border": "#f3f4f6",
    "radius": 8,
    "padding": 16,
    "shadow": "none"
  },

  "textStyles": {
    "title": {
      "fontSize": 16,
      "fontWeight": 500,
      "color": "#111827",
      "lineHeight": 1.4,
      "letterSpacing": 0,
      "textAlign": "left",
      "textTransform": "none"
    },
    "subtitle": {
      "fontSize": 12,
      "fontWeight": 500,
      "color": "#9ca3af",
      "lineHeight": 1.5,
      "letterSpacing": 0,
      "textAlign": "left",
      "textTransform": "uppercase"
    },
    "description": {
      "fontSize": 13,
      "fontWeight": 400,
      "color": "#6b7280",
      "lineHeight": 1.5,
      "letterSpacing": 0,
      "textAlign": "left",
      "textTransform": "none"
    },
    "price": {
      "fontSize": 18,
      "fontWeight": 600,
      "color": "#111827",
      "lineHeight": 1.2,
      "letterSpacing": 0,
      "textAlign": "left",
      "textTransform": "none"
    },
    "badge": {
      "fontSize": 11,
      "fontWeight": 500,
      "color": "#ffffff",
      "lineHeight": 1.2,
      "letterSpacing": 0,
      "textAlign": "center",
      "textTransform": "uppercase"
    },
    "button": {
      "fontSize": 13,
      "fontWeight": 500,
      "color": "#111827",
      "lineHeight": 1.4,
      "letterSpacing": 0,
      "textAlign": "center",
      "textTransform": "none"
    }
  },

  "animation": {
    "enabled": false,
    "hover": {
      "cardLift": false,
      "liftDistance": 0,
      "cardShadow": false,
      "shadowIntensity": 0,
      "imageZoom": false,
      "imageScale": 1,
      "buttonColorChange": false,
      "buttonHoverColor": ""
    },
    "entry": {
      "enabled": false,
      "type": "none",
      "duration": 0,
      "delay": 0,
      "stagger": false
    }
  },

  "template": {
    "html": "<div class=\"card-inner\">\n  <div class=\"card-image\">\n    <img src=\"{{image}}\" alt=\"{{name}}\" />\n  </div>\n  <div class=\"card-content\">\n    <div class=\"card-subtitle\">{{category}}</div>\n    <h3 class=\"card-title\">{{name}}</h3>\n    <p class=\"card-description\">{{description}}</p>\n    <div class=\"card-footer\">\n      <span class=\"card-price\">{{price}}</span>\n    </div>\n  </div>\n</div>",
    
    "css": ".card {\n  background: var(--card-bg, #ffffff);\n  border-radius: var(--card-radius, 8px);\n  padding: var(--card-padding, 16px);\n  border: 1px solid var(--card-border, #f3f4f6);\n  box-sizing: border-box;\n  display: flex;\n  flex-direction: column;\n  overflow: hidden;\n}\n\n.card-inner {\n  display: flex;\n  flex-direction: column;\n  width: 100%;\n}\n\n.card-image {\n  position: relative;\n  width: 100%;\n  aspect-ratio: 1/1;\n  margin-bottom: 12px;\n  overflow: hidden;\n  border-radius: 4px;\n}\n\n.card-image img {\n  width: 100%;\n  height: 100%;\n  object-fit: cover;\n  display: block;\n}\n\n.card-content {\n  display: flex;\n  flex-direction: column;\n  flex: 1;\n}\n\n.card-subtitle {\n  font-size: var(--subtitle-font-size, 12px);\n  font-weight: var(--subtitle-font-weight, 500);\n  color: var(--subtitle-color, #9ca3af);\n  text-transform: var(--subtitle-text-transform, uppercase);\n  letter-spacing: var(--subtitle-letter-spacing, 0);\n  margin-bottom: 2px;\n}\n\n.card-title {\n  font-size: var(--title-font-size, 16px);\n  font-weight: var(--title-font-weight, 500);\n  color: var(--title-color, #111827);\n  margin: 0 0 6px 0;\n  line-height: var(--title-line-height, 1.4);\n}\n\n.card-description {\n  font-size: var(--description-font-size, 13px);\n  font-weight: var(--description-font-weight, 400);\n  color: var(--description-color, #6b7280);\n  line-height: var(--description-line-height, 1.5);\n  margin: 0 0 10px 0;\n  display: -webkit-box;\n  -webkit-line-clamp: 2;\n  -webkit-box-orient: vertical;\n  overflow: hidden;\n}\n\n.card-footer {\n  display: flex;\n  align-items: center;\n  justify-content: space-between;\n  margin-top: auto;\n}\n\n.card-price {\n  font-size: var(--price-font-size, 18px);\n  font-weight: var(--price-font-weight, 600);\n  color: var(--price-color, #111827);\n}"
  },

  "fields": {
    "image": {
      "required": true,
      "default": "https://via.placeholder.com/400x400/1f2937/ffffff?text=Product"
    },
    "name": {
      "required": true,
      "default": "Product Name"
    },
    "description": {
      "required": false,
      "default": "Product description text"
    },
    "price": {
      "required": true,
      "default": "$99"
    },
    "category": {
      "required": false,
      "default": ""
    }
  },

  "dataMapping": {
    "image": ["image", "imageUrl", "url", "图片", "图片链接"],
    "name": ["name", "title", "商品名称", "名称"],
    "description": ["description", "desc", "review", "描述", "商品描述"],
    "price": ["price", "价格", "售价"],
    "category": ["category", "position", "分类"]
  }
}